Name,Link,Longitude,Latitude,Company,Funder,Incubator/accelerator,University/RTO
3 M United Kingdom Plc,Not given,-0.77816,51.41639,0,0,0,1
AB Agri Ltd,Not given,-1.720641,51.41559,0,0,0,1
AHRC,http://www.ahrc.ac.uk/,-1.784755,51.566728,0,0,0,1
AIRBUS UK,Not given,-2.574165,51.458457,0,0,0,1
AMEC,http://www.amecnnc.com/,-0.975182,51.419422,0,0,0,1
AMEC Nuclear UK Limited,Not given,-2.35146,53.298273,0,0,0,1
ARM Ltd,Not given,0.178933,52.181781,0,0,0,1
AWE,http://www.awe-gmbh.de,-1.150574,51.36503,0,0,0,1
Aberdeen City Council,http://www.aberdeencity.gov.uk,-2.114274,57.16161,0,0,0,1
Accelrys Limited,Not given,0.142398,52.233809,0,0,0,1
Addenbrooke's Hospital NHS Trust,Not given,0.139114,52.173741,0,0,0,1
Advanced Manufacturing Research Centre,http://www.amrc.co.uk/,-1.375864,53.387929,0,0,0,1
Age UK,http://www.ageuk.org.uk/,-0.117214,51.530934,0,0,0,1
Aggregate Industries UK Ltd,Not given,-1.330289,52.712854,0,0,0,1
Agilent Technologies UK Ltd,Not given,-0.884477,51.436725,0,0,0,1
Airbus Defence and Space,Not given,-0.212049,51.901033,0,0,0,1
Airbus Operations Limited,Not given,-2.574165,51.458457,0,0,0,1
Aixtron Ltd,Not given,-0.007985,52.274112,0,0,0,1
AkzoNobel UK,Not given,-1.558064,54.957039,0,0,0,1
Akzonobel,Not given,-0.583605,51.512602,0,0,0,1
Alstom Ltd (UK),Not given,-2.132284,52.603139,0,0,0,1
Altran UK Ltd,Not given,-2.358478,51.378814,0,0,0,1
Amey Plc,Not given,-1.219624,51.713914,0,0,0,1
Anglia Ruskin University,http://www.anglia.ac.uk,0.134596,52.203365,0,0,0,1
Anglian Water Services Limited,Not given,-0.199214,52.34637,0,0,0,1
Areva,Not given,-2.111917,52.802919,0,0,0,1
Arm Limited,Not given,0.178933,52.181781,0,0,0,1
Armagh Observatory,Not given,-6.649812,54.353031,0,0,0,1
Arts Council England,http://www.artscouncil.org.uk/,-0.128479,51.518165,0,0,0,1
Arup Group Ltd,Not given,-0.138373,51.521587,0,0,0,1
Aston University,http://www.aston.ac.uk,-1.890952,52.486637,0,0,0,1
At-Bristol Limited,Not given,-2.600185,51.450256,0,0,0,1
Atkins Global,Not given,-3.943177,51.622069,0,0,0,1
Atkins Ltd,Not given,-2.573916,51.540023,0,0,0,1
Atom Bank plc,Not given,-1.585706,54.789765,0,0,0,1
Avacta Group Plc,Not given,-1.315754,53.909357,0,0,0,1
Avago Technologies,Not given,1.158859,52.059144,0,0,0,1
B P International Ltd,Not given,-0.13457,51.507732,0,0,0,1
BAE Systems,http://www.baesystems.com,-0.133981,51.505933,0,0,0,1
BAE Systems,http://www.baesystems.com,0.50131,51.708106,0,0,0,1
BASF Coatings Ltd,Not given,-2.217762,53.393117,0,0,0,1
BBSRC,Not given,-1.78346,51.567429,0,0,0,1
BIPVCo,https://www.bipvco.com/,-3.029295,51.554172,0,0,0,1
BP British Petroleum,Not given,-0.13457,51.507732,0,0,0,1
BP International Limited,Not given,-0.431268,51.427683,0,0,0,1
BRE Trust,Not given,-0.374431,51.699677,0,0,0,1
BT Group,Not given,1.279001,52.058954,0,0,0,1
Babcock International Group Plc,Not given,-1.240198,52.97977,0,0,0,1
Balfour Beatty Plc,Not given,-0.142556,51.494597,0,0,0,1
Barclays Bank plc,Not given,-0.014348,51.50513,0,0,0,1
Belfast City Council,Not given,-5.929969,54.596537,0,0,0,1
BenevolentAI,https://www.benevolent.com,-0.129864,51.528699,0,0,0,1
Birmingham City Council,http://birmingham.gov.uk,-1.902925,52.480158,0,0,0,1
Bodleian Libraries,Not given,-1.25493,51.755125,0,0,0,1
Boots Company plc,Not given,-1.198353,52.930121,0,0,0,1
Bournemouth University,http://www.bournemouth.ac.uk,-1.866312,50.723847,0,0,0,1
Bristol City Council,https://www.bristol.gov.uk,-2.60201,51.452655,0,0,0,1
Bristol Robotics Laboratory,http://brl.ac.uk/,-2.547317,51.499838,0,0,0,1
British Antarctic Survey,https://www.bas.ac.uk/,0.080218,52.21273,0,0,0,1
British Broadcasting Corporation - BBC,Not given,-0.143059,51.518912,0,0,0,1
British Library The,Not given,-0.127317,51.529741,0,0,0,1
British Red Cross,http://www.redcross.org.uk/,-0.088581,51.519122,0,0,0,1
British Science Association,http://www.britishscienceassociation.org/,-0.179093,51.497362,0,0,0,1
British Standards Institution BSI,Not given,-0.275078,51.492131,0,0,0,1
British Telecommunications Plc,Not given,-0.097837,51.515682,0,0,0,1
British Trust for Ornithology,Not given,0.752223,52.406681,0,0,0,1
Brunel University,http://www.brunel.ac.uk/,-0.472103,51.532905,0,0,0,1
Building Research Establishment Ltd BRE,Not given,-0.374431,51.699677,0,0,0,1
CENSIS,http://censis.org.uk/,-4.289039,55.872106,0,0,0,1
CERAM Research,Not given,-2.199513,53.003415,0,0,0,1
CIP Technologies,Not given,1.279001,52.058954,0,0,0,1
CPNI,http://www.cpni-inc.com/,-0.135804,51.481026,0,0,0,1
Cairn Research Ltd,Not given,0.918593,51.311388,0,0,0,1
Cambridge City Council,Not given,0.124409,52.202223,0,0,0,1
Cambridge Crystallographic Data Centre,https://ccdc.cam.ac.uk,0.126644,52.197677,0,0,0,1
Cambridge Display Technology Limited,Not given,-0.158984,52.316654,0,0,0,1
Cambridge Microelectronics Ltd,Not given,0.091926,52.209629,0,0,0,1
Cambridgeshire County Council,http://www.cambridgeshire.gov.uk,0.113511,52.21282,0,0,0,1
Campden BRI,https://www.campdenbri.co.uk,-1.754067,52.055131,0,0,0,1
Canal & River Trust,https://canalrivertrust.org.uk/,-0.773813,52.034507,0,0,0,1
Canterbury Christ Church University,http://www.canterbury.ac.uk/,1.084818,51.276337,0,0,0,1
Canterbury Christ Church University,http://www.canterbury.ac.uk/,1.089364,51.279643,0,0,0,1
Carbon Trust,http://carbontrust.com,-0.106783,51.50698,0,0,0,1
Cavendish Nuclear,https://www.cavendishnuclear.com/,-2.571064,51.545173,0,0,0,1
Cenex,Not given,-1.248217,52.758443,0,0,0,1
Centre for Env Fisheries Aqua Sci CEFAS,Not given,1.739703,52.458265,0,0,0,1
Centre for Process Innovation Limited,Not given,-1.101591,54.576123,0,0,0,1
Chelsea Technologies Group,Not given,-0.379617,51.397467,0,0,0,1
Christie Hospital NHS Trust,Not given,-2.230047,53.429526,0,0,0,1
Chromacity Ltd.,Not given,-3.319294,55.910034,0,0,0,1
Cisco International Limited,Not given,-3.175956,51.475248,0,0,0,1
Cisco Systems UK,Not given,-0.446971,51.44746,0,0,0,1
City University London,http://www.city.ac.uk/,-0.100773,51.527195,0,0,0,1
City of Edinburgh Council,Not given,-3.183932,55.95175,0,0,0,1
City of York Council,http://www.york.gov.uk/,-1.085535,53.959675,0,0,0,1
Cockcroft Institute,Not given,-2.641206,53.343404,0,0,0,1
Codeplay Software Ltd,Not given,-3.189609,55.956198,0,0,0,1
Cognizant Technology Solutions,Not given,-0.132496,51.509632,0,0,0,1
Coherent Scotland Ltd,Not given,-4.311993,55.902522,0,0,0,1
Compound Semiconductor Centre,http://www.compoundsemiconductorcentre.com/,-3.087979,51.53093,0,0,0,1
Compound Semiconductor Tech Global Ltd,Not given,-4.093633,55.779066,0,0,0,1
Connected Digital Economy Catapult,http://cde.catapult.org.uk,-0.133597,51.527496,0,0,0,1
Corin Group PLC,Not given,-1.961172,51.701291,0,0,0,1
Costain Ltd,Not given,-0.745178,51.511445,0,0,0,1
Coventry University,http://www.coventry.ac.uk/,-1.505094,52.408356,0,0,0,1
Covesion Ltd,Not given,-1.462994,50.982618,0,0,0,1
Crafts Council,https://www.craftscouncil.org.uk/,-0.108544,51.532098,0,0,0,1
Croda,Not given,-2.769918,53.3528,0,0,0,1
Cummins Turbo Technologies,https://www.cummins.com/components/turbochargers,-1.771474,53.647684,0,0,0,1
DEMOS,https://www.demos.co.uk,-0.081111,51.503666,0,0,0,1
DairyCo,Not given,-1.987318,51.71073,0,0,0,1
Dassault Systemes Simulia Ltd.,Not given,-1.559768,52.385063,0,0,0,1
Defence Science & Tech Lab DSTL,Not given,-1.702412,51.133725,0,0,0,1
Delcam International plc,Not given,-1.845078,52.463221,0,0,0,1
Department for Communities and Local Gov,Not given,-0.129826,51.49588,0,0,0,1
Department for Transport,Not given,-0.129821,51.49451,0,0,0,1
Department of Energy and Climate Change,Not given,-0.126181,51.506005,0,0,0,1
Depuy Synthes,http://www.depuysynthes.com/,-1.569394,53.770001,0,0,0,1
Deregallera Ltd,Not given,-3.227624,51.589265,0,0,0,1
Digital Catapult,https://digicatapult.org.uk/,-0.12687,51.528581,0,0,0,1
Doosan Babcock Power Systems,Not given,-4.407618,55.870051,0,0,0,1
Dwr Cymru Welsh Water,http://www.dwrcymru.com/,-3.297695,51.65239,0,0,0,1
Dynex Semiconductor Ltd,Not given,-0.611189,53.205965,0,0,0,1
E ON Central Networks plc,Not given,-0.142387,51.494054,0,0,0,1
E.On UK Plc,Not given,-1.585682,52.388364,0,0,0,1
EADS Airbus,Not given,-0.119408,51.510986,0,0,0,1
EADS Astrium,Not given,-1.053156,50.829875,0,0,0,1
EBLEX,Not given,-1.527117,52.339932,0,0,0,1
ECMWF,http://www.ecmwf.int,-0.951483,51.41886,0,0,0,1
EDF Energy Plc,Not given,-0.137044,51.52233,0,0,0,1
EMBL - European Bioinformatics Institute,Not given,0.186853,52.078958,0,0,0,1
EPSRC,Not given,-1.785518,51.566922,0,0,0,1
ESRC,Not given,-1.784755,51.566728,0,0,0,1
EURATOM/CCFE,Not given,-1.228684,51.65776,0,0,0,1
Earlham Institute,http://www.earlham.ac.uk,1.222429,52.621871,0,0,0,1
Edge Hill University,https://www.edgehill.ac.uk,-2.869519,53.558245,0,0,0,1
Edinburgh International Science Festival,Not given,-3.164844,55.973864,0,0,0,1
Edinburgh Napier University,http://www.napier.ac.uk,-3.239866,55.917998,0,0,0,1
Eight19 Ltd,Not given,0.091646,52.209796,0,0,0,1
Element Six Ltd (UK),Not given,-0.70154,51.403715,0,0,0,1
English Heritage,Not given,-0.090669,51.510621,0,0,0,1
Environment Agency,http://environment-agency.gov.uk/,-2.574038,51.538702,0,0,0,1
Epigem Ltd,Not given,-1.090535,54.591174,0,0,0,1
Essex County Council,http://www.essex.gov.uk/Pages/Default.aspx,0.500602,51.742492,0,0,0,1
European Marine Energy Centre,Not given,-3.301297,58.963531,0,0,0,1
European Thermodynamics Ltd,Not given,-1.008906,52.544984,0,0,0,1
Experian,https://www.experian.com/,-1.161421,52.941136,0,0,0,1
Facebook UK,Not given,-0.125976,51.513758,0,0,0,1
Falmouth University,http://www.falmouth.ac.uk/,-4.906259,50.271548,0,0,0,1
Fianium Ltd,Not given,-1.327885,50.856438,0,0,0,1
Foreign and Commonwealth Office,Not given,-0.127793,51.502731,0,0,0,1
Forensic Science Service Ltd,Not given,-1.720434,52.4679,0,0,0,1
Foster and Partners,http://www.fosterandpartners.com,-0.169863,51.479629,0,0,0,1
Fraunhofer UK Research Ltd,Not given,-4.24789,55.862701,0,0,0,1
Fujitsu,http://www.fujitsu.com,-0.155221,51.517707,0,0,0,1
Future Cities Catapult,https://futurecities.catapult.org.uk/,-0.08431,51.500087,0,0,0,1
GE (General Electric Company) UK,Not given,-0.219224,51.490672,0,0,0,1
GE Aviation,http://www.geaviation.com,-1.332408,50.863028,0,0,0,1
GE Healthcare,http://www.gehealthcare.com,-0.563974,51.667915,0,0,0,1
GE Healthcare Limited,Not given,-3.250891,51.523227,0,0,0,1
GKN Aerospace,https://www.gknaerospace.com/,-1.272949,50.742756,0,0,0,1
Garrad Hassan & Partners Ltd,Not given,-2.572622,51.449905,0,0,0,1
Glasgow Caledonian University,http://www.gcu.ac.uk/,-4.249084,55.86596,0,0,0,1
Glasgow School of Art,http://www.gsa.ac.uk,-4.263744,55.866054,0,0,0,1
Glass Futures Ltd,Not given,-1.473781,53.474089,0,0,0,1
Glyndwr University,Not given,-3.003309,53.054075,0,0,0,1
Goldsmiths College,Not given,-0.035401,51.474144,0,0,0,1
Great Ormond Street Hospital,Not given,-0.121902,51.522064,0,0,0,1
Greater London Authority,https://www.london.gov.uk/,-0.076953,51.503979,0,0,0,1
Greater Manchester Police (The),Not given,-2.262774,53.457322,0,0,0,1
Guy's & St Thomas' NHS Foundation Trust,Not given,-0.087179,51.503355,0,0,0,1
HM Revenue & Customs,http://www.hmrc.gov.uk,-0.127162,51.501688,0,0,0,1
HM Treasury,https://www.gov.uk/government/organisations/hm-treasury,-0.129251,51.501793,0,0,0,1
HP Research Laboratories,Not given,-2.553004,51.50135,0,0,0,1
Halcrow Group Ltd,Not given,-0.21614,51.494253,0,0,0,1
Hampshire County Council,Not given,-1.319369,51.062549,0,0,0,1
Haydale,https://www.haydale.com/,-1.39342,50.894775,0,0,0,1
Health and Safety Executive,Not given,-0.095429,51.507444,0,0,0,1
Health and Safety Laboratory,Not given,-1.917448,53.230808,0,0,0,1
Henry Royce Institute,http://www.royce.ac.uk/,-2.234734,53.465994,0,0,0,1
Her Majesty's Government Communications,Not given,-0.809653,52.103201,0,0,0,1
Heriot-Watt University,http://www.hw.ac.uk/,-3.319294,55.910034,0,0,0,1
Hewlett Packard plc,Not given,-0.782647,51.414224,0,0,0,1
High Speed Two HS2 Ltd,Not given,-0.133373,51.497875,0,0,0,1
High Value Manufacturing (HVM) Catapult,Not given,-1.560201,52.379507,0,0,0,1
Highways Agency,Not given,-2.22646,53.480443,0,0,0,1
Historic Royal Palaces,http://www.hrp.org.uk,-0.338854,51.405604,0,0,0,1
Hitachi Cambridge Laboratory,Not given,0.091646,52.209796,0,0,0,1
Hitachi Europe Ltd,Not given,-0.701564,51.543649,0,0,0,1
Home Office Sci Dev't Branch,Not given,-0.319236,51.108862,0,0,0,1
Home Office Science,Not given,-0.28518,51.778321,0,0,0,1
Horiba Mira Ltd,Not given,-1.463689,52.554062,0,0,0,1
House of Commons,Not given,-0.124563,51.4993,0,0,0,1
Huawei Technologies (UK) Co. Ltd,Not given,-1.097213,51.24615,0,0,0,1
IBM United Kingdom Limited,Not given,-1.069617,50.844683,0,0,0,1
IQE Silicon Compounds Ltd,Not given,-3.087979,51.53093,0,0,0,1
IXICO Ltd,Not given,-0.098993,51.519786,0,0,0,1
Imagination Technologies Ltd UK,Not given,-0.440416,51.708008,0,0,0,1
Imperial College Healthcare NHS Trust,https://imperial.nhs.uk,-0.173569,51.516969,0,0,0,1
Improvement Service,https://www.improvementservice.org.uk,-3.448672,55.936602,0,0,0,1
Institution of Civil Engineers,https://www.ice.org.uk,-0.129043,51.500973,0,0,0,1
Intel Corperation (UK) Ltd,Not given,-1.771844,51.543398,0,0,0,1
Iqe (Europe) Ltd,Not given,-3.093014,51.530505,0,0,0,1
JBA Consulting,https://www.jbaconsulting.com/,-2.088962,53.952268,0,0,0,1
JBA Trust,Not given,-2.088962,53.952268,0,0,0,1
Jacobs Engineering UK Ltd.,Not given,-0.880737,51.439206,0,0,0,1
Jaguar Cars Ltd,Not given,-1.491403,52.383737,0,0,0,1
Jaguar and Land Rover,Not given,-1.485423,52.195165,0,0,0,1
Joint Nature Conservation Committee,Not given,-0.238968,52.574256,0,0,0,1
KUKA Robotics UK Limited,Not given,-2.028778,52.549651,0,0,0,1
Kelvin Nanotechnology Ltd,Not given,-4.285701,55.872645,0,0,0,1
Knowle West Media Centre,http://kwmc.org.uk,-2.592528,51.425781,0,0,0,1
Knowledge Transfer Network,http://www.ktn-uk.co.uk/,-0.324213,51.062245,0,0,0,1
Knowledge Transfer Network,http://www.ktn-uk.co.uk/,-2.081245,51.900976,0,0,0,1
Kromek,http://www.kromek.com,-1.45137,54.67031,0,0,0,1
Kromek Group PLC,Not given,-1.45137,54.67031,0,0,0,1
Laing O'Rourke plc,Not given,0.253604,51.455436,0,0,0,1
Lancashire County Council,Not given,-2.708372,53.75425,0,0,0,1
Lancaster University,http://www.lancaster.ac.uk/,-2.785332,54.009191,0,0,0,1
Landscape Institute,Not given,-0.116049,51.523883,0,0,0,1
Leeds Beckett University,http://www.leedsbeckett.ac.uk/,-1.548573,53.804004,0,0,0,1
Leica Microsystems Ltd,Not given,-0.769358,52.057883,0,0,0,1
Leonardo,https://www.leonardocompany-us.com/lpr,-0.128445,51.501053,0,0,0,1
Liverpool Hope University,http://www.hope.ac.uk,-2.894829,53.391177,0,0,0,1
Liverpool John Moores University,http://www.ljmu.ac.uk/,-2.973176,53.403685,0,0,0,1
Lloyd's Register EMEA,Not given,-1.405713,50.936776,0,0,0,1
London Borough of Camden,https://www.camden.gov.uk,-0.124154,51.52925,0,0,0,1
London Borough of Tower Hamlets,Not given,-0.006144,51.510027,0,0,0,1
London Underground Ltd,Not given,-0.133879,51.49961,0,0,0,1
Lonza Biologics,Not given,-0.629623,51.518988,0,0,0,1
Loop Technology Limited,Not given,-2.444983,50.717534,0,0,0,1
Loughborough University,http://www.lboro.ac.uk/,-1.248217,52.758443,0,0,0,1
M Squared Lasers Ltd,Not given,-4.311993,55.902522,0,0,0,1
MBDA UK Ltd,Not given,-0.209436,51.895445,0,0,0,1
MIRA Ltd,Not given,-1.463689,52.554062,0,0,0,1
MRC - Regional Centre London,Not given,-0.136421,51.526286,0,0,0,1
MSD Animal Health,https://www.msd-animal-health.ie,-0.703835,52.020722,0,0,0,1
MWH UK Ltd,Not given,-0.727099,51.646301,0,0,0,1
Malvern Instruments Ltd,Not given,-2.303713,52.128592,0,0,0,1
Manchester City Council,http://www.manchester.gov.uk,-2.227212,53.487362,0,0,0,1
Manufacturing Technology Centre,http://www.the-mtc.org/,-1.18381,52.951902,0,0,0,1
Marks and Spencer,https://jobs.marksandspencer.com/,-0.174795,51.518626,0,0,0,1
Maxeler Technologies,http://www.maxeler.com,-0.232125,51.493263,0,0,0,1
Merck Chemicals Ltd UK,Not given,-1.199665,52.92698,0,0,0,1
Merck Miilipore (UK),Not given,-0.444646,51.453525,0,0,0,1
Met Office,http://www.metoffice.gov.uk,-3.47531,50.727388,0,0,0,1
Microsoft,http://www.microsoft.com,-0.925429,51.461879,0,0,0,1
Microsoft Research Ltd,Not given,0.135291,52.194875,0,0,0,1
Middlesex University,http://www.mdx.ac.uk/,-0.229573,51.590471,0,0,0,1
Milton Keynes Council,http://www.milton-keynes.gov.uk/,-0.760836,52.043264,0,0,0,1
Ministry of Defence MOD,Not given,-0.124848,51.504035,0,0,0,1
Ministry of Justice,Not given,-0.136579,51.497535,0,0,0,1
Mitsui Babcock Energy Ltd,Not given,-4.407618,55.870051,0,0,0,1
Mologic Ltd,Not given,-0.483124,52.220022,0,0,0,1
Monitor Coatings Limited,Not given,-1.490605,55.019342,0,0,0,1
Morgan Advanced Materials,Not given,-0.608673,51.483858,0,0,0,1
Motorola,http://www.motorola.com/,-1.100845,51.245198,0,0,0,1
Museum of Science and Industry MOSI,Not given,-2.256091,53.477523,0,0,0,1
Museums Association,Not given,-0.106538,51.52382,0,0,0,1
N8 Research Partnership,Not given,-2.234734,53.465994,0,0,0,1
NEC Telecom MODUS Ltd,Not given,-0.337744,51.30495,0,0,0,1
NESTA,http://www.nesta.org.uk/,-0.108654,51.516588,0,0,0,1
NHS Scotland,Not given,-4.254295,55.864566,0,0,0,1
NHS Tayside,Not given,-2.991412,56.461688,0,0,0,1
NIHR MindTech HTC,Not given,-1.185252,52.943374,0,0,0,1
NSG Holding (Europe) Limited,Not given,-2.814683,53.573527,0,0,0,1
NXP Semiconductors UK Limited,Not given,-2.142264,53.376629,0,0,0,1
National Centre for Atmospheric Science,Not given,-1.55435,53.806504,0,0,0,1
National Composites Centre,Not given,-2.476025,51.49824,0,0,0,1
National Grid PLC,Not given,-0.126177,51.507526,0,0,0,1
National Instruments Corp (UK) Ltd,Not given,-1.30686,51.406384,0,0,0,1
National Microelectronics Institute,Not given,-3.529648,55.889018,0,0,0,1
National Nuclear Laboratory Ltd,Not given,-2.525051,53.425975,0,0,0,1
National Oceanography Centre,http://noc.ac.uk/,-1.394587,50.892674,0,0,0,1
National Physical Laboratory NPL,Not given,-0.344078,51.425296,0,0,0,1
Natural England,Not given,-1.466973,53.386096,0,0,0,1
Natural Environment Research Council,http://www.nerc.ac.uk/,-1.784755,51.566728,0,0,0,1
Nesta,http://www.nesta.org.uk/,-0.108654,51.516588,0,0,0,1
Network Rail Ltd,Not given,-0.121872,51.534656,0,0,0,1
Newcastle City Council,Not given,-1.615383,54.96746,0,0,0,1
Nikon UK Ltd,Not given,-0.306333,51.427797,0,0,0,1
Norfolk County Council,https://www.norfolk.gov.uk/,1.307646,52.615176,0,0,0,1
Norfolk and Norwich University Hospital,Not given,1.220593,52.617202,0,0,0,1
North East Process Industry ClusterNEPIC,Not given,-1.101591,54.576123,0,0,0,1
Northern Gas Networks,http://www.northerngasnetworks.co.uk,-1.428535,53.793616,0,0,0,1
Northern Powergrid,http://www.northernpowergrid.com/,-1.499777,55.025798,0,0,0,1
Northumberland County Council,Not given,-1.684509,55.153608,0,0,0,1
Northumbria University,http://www.northumbria.ac.uk/,-1.607738,54.975737,0,0,0,1
Northumbrian Water Ltd,Not given,-1.582037,54.804507,0,0,0,1
Nottingham City Council,http://www.nottinghamcity.gov.uk/,-1.144557,52.948107,0,0,0,1
Nottingham Scientific Ltd,Not given,-1.163909,52.934582,0,0,0,1
Nottingham Trent University,http://www.ntu.ac.uk/,-1.151841,52.956118,0,0,0,1
Nottingham Uni Hospitals NHS Trust,Not given,-1.157381,52.990218,0,0,0,1
Novalia,http://www.novalia.co.uk,0.143751,52.23179,0,0,0,1
Numerical Algorithms Group Ltd,Not given,-1.274371,51.793143,0,0,0,1
O2 Telefonica Europe plc,Not given,-0.58888,51.509311,0,0,0,1
OCF Plc,Not given,-1.473036,53.472243,0,0,0,1
Oclaro Technology UK,Not given,-1.049022,52.15465,0,0,0,1
Ofcom,http://www.ofcom.org.uk,-0.095077,51.507804,0,0,0,1
Office for National Statistics,Not given,-3.027708,51.566739,0,0,0,1
OpTIC Glyndwr Ltd,Not given,-3.475585,53.255931,0,0,0,1
Open Data Institute,http://theodi.org,-0.083444,51.52233,0,0,0,1
Open University,Not given,-0.711252,52.024257,0,0,0,1
Optocap Ltd,Not given,-3.533656,55.879203,0,0,0,1
Ordnance Survey,https://www.ordnancesurvey.co.uk,-1.470424,50.938115,0,0,0,1
Owlstone Limited,Not given,0.147814,52.232455,0,0,0,1
Oxfam GB,Not given,-1.205303,51.728547,0,0,0,1
Oxford City Council,https://www.oxford.gov.uk,-1.267367,51.750231,0,0,0,1
Oxford Instruments plc,Not given,-1.353327,51.695367,0,0,0,1
Oxford Lasers Ltd,Not given,-1.251718,51.619668,0,0,0,1
Oxford Nanopore Technologies,http://www.nanoporetech.com,-1.218059,51.716502,0,0,0,1
Oxford Nanosystems Ltd,http://www.oxfordnanosystems.com,-1.312797,51.576039,0,0,0,1
Peter Brett Associates,Not given,-0.976861,51.464439,0,0,0,1
Philips Electronics U K Ltd,Not given,-0.586944,51.246759,0,0,0,1
Pilkington Group Limited,Not given,-2.741738,53.450723,0,0,0,1
Pilkington Technology Management Ltd,Not given,-2.814683,53.573527,0,0,0,1
Plastic Logic Ltd,Not given,0.142671,52.232244,0,0,0,1
Plessey Semiconductors Ltd,http://www.plesseysemi.com/,-4.110213,50.443512,0,0,0,1
Police Scotland,Not given,-3.397646,55.923128,0,0,0,1
PowerPhotonic Ltd,Not given,-3.364372,56.040149,0,0,0,1
Practical Action,https://practicalaction.org/,-1.359925,52.330578,0,0,0,1
PragmatIC Printing Ltd,Not given,0.140233,52.233768,0,0,0,1
Premier Foods Group Ltd,Not given,-0.618016,51.47744,0,0,0,1
Printed Electronics Limited,Not given,0.153281,52.234599,0,0,0,1
Process Systems Enterprises Ltd,Not given,-0.226359,51.495604,0,0,0,1
QinetiQ Ltd,Not given,-0.761542,51.276055,0,0,0,1
Qinetiq Ltd,Not given,-2.315956,52.102095,0,0,0,1
Qioptiq Ltd,Not given,-3.513511,53.263929,0,0,0,1
Queen Elizabeth University Hospital,Not given,-4.341461,55.861783,0,0,0,1
Queen Margaret University Edinburgh,Not given,-3.073057,55.931281,0,0,0,1
"Queen Mary, University of London",http://www.qmul.ac.uk/,-0.040418,51.524375,0,0,0,1
RSA (Royal Society for Arts),Not given,-0.122645,51.509495,0,0,0,1
RSPB,Not given,-0.265785,52.115902,0,0,0,1
Rail Safety and Standards Board (RSSB),Not given,-0.105502,51.532454,0,0,0,1
Rapiscan Systems Ltd,Not given,-0.162781,51.195843,0,0,0,1
Reliance Precision Limited,Not given,-1.718935,53.622416,0,0,0,1
Renishaw Plc,Not given,-2.38062,51.6349,0,0,0,1
Research Complex at Harwell,Not given,-1.315937,51.572576,0,0,0,1
Ricardo UK Limited,Not given,-0.290963,50.842107,0,0,0,1
Ricardo UK PLC,Not given,-0.290963,50.842107,0,0,0,1
Rohde & Schwarz UK Limited,Not given,-0.828948,51.298249,0,0,0,1
Roke Manor Research Ltd,Not given,-1.519761,50.999348,0,0,0,1
Romax Technology,https://romaxtech.com/,-1.18381,52.951902,0,0,0,1
Royal Academy of Engineering,http://www.raeng.org.uk/enterprise,-0.132919,51.505674,0,0,0,1
Royal Bank of Scotland Plc,Not given,-3.232954,55.943218,0,0,0,1
Royal Berkshire NHS Foundation Trust,Not given,-0.958982,51.450969,0,0,0,1
Royal Botanic Gardens Kew,Not given,-0.291198,51.485272,0,0,0,1
Royal College of Art,http://www.rca.ac.uk/,-0.17891,51.501314,0,0,0,1
Royal Conservatoire of Scotland,https://www.rcs.ac.uk/,-4.257528,55.866164,0,0,0,1
Royal Free London NHS Foundation Trust,Not given,-0.165324,51.553224,0,0,0,1
"Royal Holloway, University of London",http://www.rhul.ac.uk/,-0.564701,51.424894,0,0,0,1
Royal Inst of British Architects RIBA,Not given,-0.144886,51.521269,0,0,0,1
Royal Institution of Chartered Surveyors,http://www.rics.org,-0.128097,51.500899,0,0,0,1
Royal National Institute of Blind People,Not given,-0.125334,51.527832,0,0,0,1
Royal National Lifeboat Institution,Not given,-1.987989,50.717364,0,0,0,1
Royal Society of Chemistry,Not given,-0.1391,51.509018,0,0,0,1
Rutherford Appleton Laboratory,Not given,-1.312797,51.576039,0,0,0,1
SPI Lasers UK Ltd,Not given,-1.314551,50.926718,0,0,0,1
SRUC,https://www.sruc.ac.uk/,-3.176228,55.921623,0,0,0,1
STFC,http://www.stfc.ac.uk/,-1.785952,51.566838,0,0,0,1
STFC - Laboratories,Not given,-1.312797,51.576039,0,0,0,1
Samsung Electronics Research Institute,Not given,-0.510428,51.432043,0,0,0,1
Satellite Applications Catapult,https://sa.catapult.org.uk,-1.308653,51.577627,0,0,0,1
Schlumberger Cambridge Research Ltd,Not given,0.096909,52.211613,0,0,0,1
Science Made Simple,http://www.sciencemadesimple.co.uk/,-3.169657,51.484591,0,0,0,1
Science Museum Group,http://www.sciencemuseum.org.uk,-0.176276,51.497116,0,0,0,1
Scott Wilson,Not given,-1.248801,52.907868,0,0,0,1
Scottish Enterprise,http://www.scottish-enterprise.com/,-4.264486,55.857058,0,0,0,1
Scottish Environment Protection Agency,Not given,-3.960663,56.129605,0,0,0,1
Scottish Natural Heritage,Not given,-3.484706,56.445811,0,0,0,1
Scottish Water,https://www.scottishwater.co.uk/,-3.421751,56.049003,0,0,0,1
Scottish and Southern Energy SSE plc,Not given,-4.219894,57.488612,0,0,0,1
SeeByte Ltd,Not given,-3.22353,55.955346,0,0,0,1
Selex-Galileo,Not given,0.493479,51.591442,0,0,0,1
Sellafield Ltd,Not given,-3.500704,54.419204,0,0,0,1
Shadow Robot Company Ltd,Not given,-0.106987,51.538985,0,0,0,1
Sharp Laboratories of Europe Ltd,Not given,-1.220497,51.716176,0,0,0,1
Sheffield Hallam University,http://www.shu.ac.uk/,-1.465255,53.379194,0,0,0,1
Siemens Public Limited Company,Not given,-2.251224,53.426974,0,0,0,1
Silistix Ltd,Not given,-2.238394,53.47203,0,0,0,1
Simpleware Ltd,Not given,-3.529159,50.725781,0,0,0,1
Simulation Solutions,http://simulation-solutions.com/index.html,-2.20465,53.408951,0,0,0,1
Skanska UK Ltd,Not given,-0.507489,51.625291,0,0,0,1
Smith Institute,Not given,-0.611913,51.239884,0,0,0,1
South East Physics Network,Not given,-1.398014,50.93447,0,0,0,1
Southampton City Council,Not given,-1.406979,50.907683,0,0,0,1
Staffordshire University,http://www.staffs.ac.uk/,-2.179815,53.009635,0,0,0,1
Sun Microsystems,http://www.sun.com,-3.580003,55.985515,0,0,0,1
Sustrans,Not given,-2.599784,51.451819,0,0,0,1
Swansea University,http://www.swan.ac.uk/,-3.980783,51.609525,0,0,0,1
TATA Motors Engineering Technical Centre,Not given,-1.560201,52.379507,0,0,0,1
TMD Technologies Ltd,Not given,-0.434966,51.507179,0,0,0,1
Tata Steel UK,Not given,-0.125963,51.49273,0,0,0,1
Tate,http://www.tate.org.uk,-0.127679,51.491121,0,0,0,1
Teer Coatings Ltd,Not given,-2.162054,52.27974,0,0,0,1
Teraview Ltd,Not given,0.153281,52.234599,0,0,0,1
Tesco plc,Not given,-0.02632,51.705278,0,0,0,1
Thackray Museum,Not given,-1.518673,53.808184,0,0,0,1
Thales Group,http://www.thalesgroup.com,-0.478526,51.372949,0,0,0,1
Thales UK Ltd,Not given,-0.173352,51.133723,0,0,0,1
Thames Water Utilities Limited,Not given,-0.969014,51.431602,0,0,0,1
Thames Water Utilities Limited,Not given,-0.968851,51.460493,0,0,0,1
The Alan Turing Institute,Not given,-0.127317,51.529741,0,0,0,1
The Bank of England,Not given,-0.088532,51.514169,0,0,0,1
The Cabinet Office,https://www.thecabinetoffice.co.uk/,-0.12684,51.503668,0,0,0,1
The Coal Authority,Not given,-1.181631,53.126344,0,0,0,1
The Data Lab,http://thedatalab.com,-3.186722,55.946994,0,0,0,1
The Design Council,Not given,-0.106891,51.531289,0,0,0,1
The Foundry Visionmongers Ltd,Not given,-0.136857,51.511997,0,0,0,1
The Home Office,Not given,-0.129826,51.49588,0,0,0,1
The Mathworks Ltd,Not given,0.151792,52.22888,0,0,0,1
The National Archives,Not given,-0.279514,51.481122,0,0,0,1
The National Gallery,http://www.nationalgallery.org.uk,-0.128907,51.508869,0,0,0,1
The National Library of Wales,Not given,-4.068488,52.414476,0,0,0,1
The Robert Gordon University,Not given,-2.10116,57.148372,0,0,0,1
The Weir Group plc,Not given,-4.259858,55.860469,0,0,0,1
Thomas Swan and Co Ltd,Not given,-1.815135,54.853262,0,0,0,1
Toshiba Research Europe Ltd,Not given,0.145729,52.234675,0,0,0,1
Transport Research Laboratory Ltd,Not given,-0.784005,51.383081,0,0,0,1
Transport Scotland,Not given,-4.25492,55.867633,0,0,0,1
Transport Systems Catapult,https://ts.catapult.org.uk/home,-2.081245,51.900976,0,0,0,1
Transport for Greater Manchester,Not given,-2.232923,53.478371,0,0,0,1
Transport for London,http://tfl.gov.uk,-0.135097,51.497826,0,0,0,1
Transport for West Midlands,Not given,-1.899545,52.487201,0,0,0,1
Tribus-D Ltd,Not given,0.143144,52.218329,0,0,0,1
Turbopowersystems,Not given,-1.622123,54.941609,0,0,0,1
Tyne and Wear Archives and Museums,Not given,-1.609415,54.975023,0,0,0,1
UK Aecom,Not given,-0.333726,51.751286,0,0,0,1
UK Government,Not given,-0.112042,51.524565,0,0,0,1
UK Space Agency,https://www.gov.uk/government/organisations/uk-space-agency,-1.785952,51.566838,0,0,0,1
UK Water Industry Research Ltd,Not given,-0.129043,51.500973,0,0,0,1
UK-CPI,Not given,-1.101591,54.576123,0,0,0,1
Ulster University,http://www.ulster.ac.uk,-5.882306,54.686146,0,0,0,1
Unilever UK Central Resources Ltd,Not given,-2.998284,53.346011,0,0,0,1
United Utilities Water Ltd,Not given,-2.669148,53.404538,0,0,0,1
United Utilities Water PLC,Not given,-2.669148,53.404538,0,0,0,1
University Hospital Coventry NHS Trust,Not given,-1.438403,52.421211,0,0,0,1
University Hospitals Bristol NHS Foundation Trust,Not given,-2.596411,51.458439,0,0,0,1
University Hospitals Bristol NHS Foundation Trust,Not given,-2.593019,51.459478,0,0,0,1
University of Bath,http://www.bath.ac.uk/,-2.328083,51.37973,0,0,0,1
University of Bedfordshire,http://www.beds.ac.uk,-0.41082,51.877949,0,0,0,1
University of Bolton,http://www.bolton.ac.uk/,-2.436238,53.573511,0,0,0,1
University of Bradford,http://www.brad.ac.uk/,-1.76517,53.791203,0,0,0,1
University of Essex,http://www.essex.ac.uk/,0.945343,51.873971,0,0,0,1
University of Kent,https://www.kent.ac.uk/,1.070696,51.297927,0,0,0,1
University of Lincoln,http://www.lincoln.ac.uk/home/,-0.548055,53.228171,0,0,0,1
University of Northampton,http://www.northampton.ac.uk/,-0.883724,52.272695,0,0,0,1
University of Salford,http://www.salford.ac.uk,-2.270651,53.483487,0,0,0,1
University of Southampton,http://www.southampton.ac.uk/,-1.398014,50.93447,0,0,0,1
University of Strathclyde,http://www.strath.ac.uk/,-4.244616,55.862292,0,0,0,1
University of Surrey,http://www.surrey.ac.uk,-0.592574,51.241843,0,0,0,1
University of Ulster,Not given,-6.67609,55.151273,0,0,0,1
University of Warwick,https://warwick.ac.uk/,-1.560201,52.379507,0,0,0,1
University of the West of England,http://www.uwe.ac.uk/,-2.547317,51.499838,0,0,0,1
VCE Mobile & Personal Comm Ltd,Not given,-1.058697,51.281422,0,0,0,1
Veolia Environmental Services,http://www.veolia.com/anz/,-0.120233,51.531162,0,0,0,1
Victoria and Albert Museum,http://www.vam.ac.uk/,-0.172155,51.496849,0,0,0,1
Vodafone,http://vodafone.com,-1.319756,51.415867,0,0,0,1
W R C Plc,Not given,-1.832066,51.5459,0,0,0,1
WRAP,http://www.wrap.org.uk/,-1.340379,52.061701,0,0,0,1
Watershed Media Centre,Not given,-2.598098,51.451832,0,0,0,1
We Predict Ltd,Not given,-3.932479,51.619982,0,0,0,1
Wessex Water Services Ltd,Not given,-2.319639,51.364831,0,0,0,1
Western Power Distribution,http://www.westernpower.co.uk/,-2.566494,51.448781,0,0,0,1
Willis Limited,Not given,-0.081531,51.512775,0,0,0,1
Wiltshire Council,https://www.wiltshire.gov.uk,-2.114915,51.461039,0,0,0,1
York Archaeological Trust,Not given,-1.077137,53.961515,0,0,0,1
York Museums Trust,Not given,-1.089497,53.962026,0,0,0,1
York St John University,https://www.yorksj.ac.uk/,-1.081047,53.965691,0,0,0,1
Yorkshire Water,https://www.yorkshirewater.com/,-1.507344,53.77979,0,0,0,1
Zeeko Ltd,Not given,-1.368293,52.729204,0,0,0,1
Zenotech,https://zenotech.com/,-2.68203,51.636927,0,0,0,1
e2v technologies plc,Not given,0.456242,51.731755,0,0,0,1
mVCE,Not given,-1.089206,51.262193,0,0,0,1
